{
    "uvs":[[1.98682e-08,0.666667,0.333333,0.666667,0.333333,1,0,1,0.333333,0.333333,4.96705e-08,0.666667,0,0.333333,0.666667,0.333333,0.333333,0.333333,0.333333,0,0.666667,1.98682e-08,0.9999,9.998e-05,0.9999,0.988573,9.998e-05,0.9999,9.998e-05,0.000100069,9.998e-05,0.9999,0.000100159,9.998e-05,0.9999,0.000100099,0.9999,0.9999,0.9999,0.9999,0.000100278,0.9999,9.998e-05,0.000100248]],
    "normals":[-5.32907e-15,-1,2.98023e-08,0.00566406,0.999968,0.00566404,1,4.49581e-08,2.83377e-07,-2.83546e-07,-7.49303e-08,1,-1,-1.3411e-07,-2.23517e-07,2.38419e-07,1.78814e-07,-1],
    "metadata":{
        "normals":6,
        "type":"Geometry",
        "uvs":1,
        "generator":"io_three",
        "version":3,
        "faces":6,
        "vertices":8
    },
    "vertices":[1,-1,-1,1,-1,1,-1,-1,1,-1,-1,-1,1,1,-1,0.999999,0.977343,1,-1,1,1,-1,1,-1],
    "faces":[41,0,1,2,3,0,1,2,3,0,0,0,0,41,4,7,6,5,4,1,5,6,1,1,1,1,41,0,4,5,1,7,8,9,10,2,2,2,2,41,1,5,6,2,11,12,13,14,3,3,3,3,41,2,6,7,3,15,16,17,18,4,4,4,4,41,4,0,3,7,11,19,20,21,5,5,5,5]
}