{
    "animations": [{
        "fps": 29,
        "name": "default",
        "tracks": []
    }],
    "geometries": [{
        "materials": [{
            "colorEmissive": [0,0,0],
            "mapDiffuse": "ItmPowderBox_00.png",
            "colorSpecular": [0,0,0],
            "specularCoef": 50,
            "colorDiffuse": [0.9,0.9,0.9],
            "mapDiffuseAnisotropy": 1,
            "shading": "phong",
            "visible": true,
            "mapDiffuseRepeat": [1,1],
            "blending": "NormalBlending",
            "opacity": 1,
            "DbgIndex": 0,
            "mapDiffuseWrap": ["RepeatWrapping","RepeatWrapping"],
            "colorAmbient": [0.9,0.9,0.9],
            "DbgName": "mat1",
            "transparent": false,
            "DbgColor": 15658734,
            "wireframe": false,
            "depthTest": true,
            "doubleSided": true,
            "depthWrite": true
        }],
        "type": "Geometry",
        "data": {
            "animations": [],
            "vertices": [-4.86255,6.97925,6.2915,4.82715,6.97925,-6.3269,-6.31177,6.97925,4.85571,6.27637,6.97925,-4.89111,-6.31177,6.24048,4.85571,4.82715,6.97925,-6.3269,4.82715,6.24048,-6.3269,-6.31177,6.97925,4.85571,4.82715,6.24048,-6.3269,6.27637,6.97925,-4.89111,6.27637,6.24048,-4.89111,4.82715,6.97925,-6.3269,6.27637,6.24048,-4.89111,-4.86255,6.97925,6.2915,-4.86255,6.24048,6.2915,6.27637,6.97925,-4.89111,-4.86255,6.24048,6.2915,-6.31177,6.97925,4.85571,-6.31177,6.24048,4.85571,-4.86255,6.97925,6.2915,4.82715,-6.97925,-6.3269,-4.86255,-6.97925,6.2915,-6.31177,-6.97925,4.85571,6.27637,-6.97925,-4.89111,4.82715,-6.97925,-6.3269,-6.31177,-6.24048,4.85571,4.82715,-6.24048,-6.3269,-6.31177,-6.97925,4.85571,6.27637,-6.97925,-4.89111,4.82715,-6.24048,-6.3269,6.27637,-6.24048,-4.89111,4.82715,-6.97925,-6.3269,-4.86255,-6.97925,6.2915,6.27637,-6.24048,-4.89111,-4.86255,-6.24048,6.2915,6.27637,-6.97925,-4.89111,-6.31177,-6.97925,4.85571,-4.86255,-6.24048,6.2915,-6.31177,-6.24048,4.85571,-4.86255,-6.97925,6.2915,6.06689,4.04443,7.06177,-6.06689,5.7793,7.06177,-6.07422,4.07031,7.06177,6.07422,5.75342,7.06177,6.06689,4.04443,7.06177,-6.07422,4.07031,6.32275,6.06689,4.04443,6.32275,-6.07422,4.07031,7.06177,6.07422,5.75342,7.06177,6.06689,4.04443,6.32275,6.07422,5.75342,6.32275,6.06689,4.04443,7.06177,-6.06689,5.7793,7.06177,6.07422,5.75342,6.32275,-6.06689,5.7793,6.32275,6.07422,5.75342,7.06177,-6.07422,4.07031,7.06177,-6.06689,5.7793,6.32275,-6.07422,4.07031,6.32275,-6.06689,5.7793,7.06177,6.07422,5.75342,-7.06177,-6.07422,4.07031,-7.06177,-6.06689,5.7793,-7.06177,6.06689,4.04443,-7.06177,6.07422,5.75342,-7.06177,-6.06689,5.7793,-6.32275,6.07422,5.75342,-6.32275,-6.06689,5.7793,-7.06177,6.06689,4.04443,-7.06177,6.07422,5.75342,-6.32275,6.06689,4.04443,-6.32275,6.07422,5.75342,-7.06177,-6.07422,4.07031,-7.06177,6.06689,4.04443,-6.32275,-6.07422,4.07031,-6.32275,6.06689,4.04443,-7.06177,-6.06689,5.7793,-7.06177,-6.07422,4.07031,-6.32275,-6.06689,5.7793,-6.32275,-6.07422,4.07031,-7.06177,6.07422,-4.11646,-7.06177,-6.07422,-5.71826,-7.06177,-6.06689,-4.0918,-7.06177,6.06689,-5.74292,-7.06177,6.07422,-4.11646,-7.06177,-6.06689,-4.0918,-6.32275,6.07422,-4.11646,-6.32275,-6.06689,-4.0918,-7.06177,6.06689,-5.74292,-7.06177,6.07422,-4.11646,-6.32275,6.06689,-5.74292,-6.32275,6.07422,-4.11646,-7.06177,-6.07422,-5.71826,-7.06177,6.06689,-5.74292,-6.32275,-6.07422,-5.71826,-6.32275,6.06689,-5.74292,-7.06177,-6.06689,-4.0918,-7.06177,-6.07422,-5.71826,-6.32275,-6.06689,-4.0918,-6.32275,-6.07422,-5.71826,-7.06177,6.06689,-5.74292,7.06177,-6.06689,-4.0918,7.06177,-6.07422,-5.71826,7.06177,6.07422,-4.11646,7.06177,6.06689,-5.74292,7.06177,-6.07422,-5.71826,6.32275,6.06689,-5.74292,6.32275,-6.07422,-5.71826,7.06177,6.07422,-4.11646,7.06177,6.06689,-5.74292,6.32275,6.07422,-4.11646,6.32275,6.06689,-5.74292,7.06177,-6.06689,-4.0918,7.06177,6.07422,-4.11646,6.32275,-6.06689,-4.0918,6.32275,6.07422,-4.11646,7.06177,-6.07422,-5.71826,7.06177,-6.06689,-4.0918,6.32275,-6.07422,-5.71826,6.32275,-6.06689,-4.0918,7.06177,-6.375,-6.375,-6.375,-6.375,6.375,6.375,-6.375,6.375,-6.375,-6.375,-6.375,6.375,6.375,6.375,-6.375,6.375,-6.375,6.375,6.375,-6.375,-6.375,6.375,6.375,6.375,6.375,6.375,-6.375,-6.375,-6.375,-6.375,-6.375,6.375,-6.375,6.375,-6.375,-6.375,6.375,6.375,6.375,-6.375,6.375,-6.375,-6.375,6.375,6.375,6.375,6.375,-6.375,6.375,-6.375,6.375,-6.375,6.375,6.375,-6.375,-6.375,6.375,6.375,6.375,6.375,6.375,-6.375,-6.375,-6.375,-6.375,6.375,-6.375,-6.375,-6.375,6.375,-6.375,6.375],
            "skinIndices": [],
            "morphTargets": [],
            "normals": [0,0.999969,0,-0.708487,0,-0.70571,0.703787,0,-0.710379,0.708487,0,0.70571,-0.703787,0,0.710379,0,-0.999969,0,0,0,1,-0.002106,-0.999969,0,0.999969,-0.004273,0,0.002106,0.999969,0,-0.999969,0.004273,0,0,0,-1,0.002014,0.999969,0,0.999969,-0.004486,0,-0.002014,-0.999969,0,-0.999969,0.004486,0,0,0,0.999969,-1,0,0,1,0,0,0,1,0,0,-1,0],
            "bones": [],
            "metadata": {
                "generator": "io_three",
                "version": 3,
                "morphTargets": 0,
                "normals": 21,
                "materials": 1,
                "faces": 72,
                "uvs": 1,
                "vertices": 144,
                "bones": 0
            },
            "influencesPerVertex": 2,
            "skinWeights": [],
            "name": "polygon0.001Geometry",
            "faces": [42,0,1,2,0,0,1,2,0,0,0,42,0,3,1,0,0,3,1,0,0,0,42,4,5,6,0,4,1,5,1,1,1,42,4,7,5,0,4,2,1,1,1,1,42,8,9,10,0,6,3,7,2,2,2,42,8,11,9,0,6,1,3,2,2,2,42,12,13,14,0,8,0,9,3,3,3,42,12,15,13,0,8,3,0,3,3,3,42,16,17,18,0,10,2,11,4,4,4,42,16,19,17,0,10,0,2,4,4,4,42,20,21,22,0,1,0,2,5,5,5,42,20,23,21,0,1,3,0,5,5,5,42,24,25,26,0,1,4,5,1,1,1,42,24,27,25,0,1,2,4,1,1,1,42,28,29,30,0,3,6,7,2,2,2,42,28,31,29,0,3,1,6,2,2,2,42,32,33,34,0,0,8,9,3,3,3,42,32,35,33,0,0,3,8,3,3,3,42,36,37,38,0,2,10,11,4,4,4,42,36,39,37,0,2,0,10,4,4,4,42,40,41,42,0,1,0,2,6,6,6,42,40,43,41,0,1,3,0,6,6,6,42,44,45,46,0,1,4,5,7,7,7,42,44,47,45,0,1,2,4,7,7,7,42,48,49,50,0,3,6,7,8,8,8,42,48,51,49,0,3,1,6,8,8,8,42,52,53,54,0,0,8,9,9,9,9,42,52,55,53,0,0,3,8,9,9,9,42,56,57,58,0,2,10,11,10,10,10,42,56,59,57,0,2,0,10,10,10,10,42,60,61,62,0,1,0,2,11,11,11,42,60,63,61,0,1,3,0,11,11,11,42,64,65,66,0,1,4,5,9,9,9,42,64,67,65,0,1,2,4,9,9,9,42,68,69,70,0,3,12,13,8,8,8,42,68,71,69,0,3,1,12,8,8,8,42,72,73,74,0,0,8,9,7,7,7,42,72,75,73,0,0,3,8,7,7,7,42,76,77,78,0,2,10,11,10,10,10,42,76,79,77,0,2,0,10,10,10,10,42,80,81,82,0,1,0,2,11,11,11,42,80,83,81,0,1,3,0,11,11,11,42,84,85,86,0,1,4,5,12,12,12,42,84,87,85,0,1,2,4,12,12,12,42,88,89,90,0,3,12,13,13,13,13,42,88,91,89,0,3,1,12,13,13,13,42,92,93,94,0,0,8,9,14,14,14,42,92,95,93,0,0,3,8,14,14,14,42,96,97,98,0,2,10,11,15,15,15,42,96,99,97,0,2,0,10,15,15,15,42,100,101,102,0,1,0,2,16,16,6,42,100,103,101,0,1,3,0,16,6,16,42,104,105,106,0,1,4,5,14,14,14,42,104,107,105,0,1,2,4,14,14,14,42,108,109,110,0,3,6,7,13,13,13,42,108,111,109,0,3,1,6,13,13,13,42,112,113,114,0,0,8,9,12,12,12,42,112,115,113,0,0,3,8,12,12,12,42,116,117,118,0,2,10,11,15,15,15,42,116,119,117,0,2,0,10,15,15,15,42,120,121,122,0,14,15,16,17,17,17,42,120,123,121,0,14,17,15,17,17,17,42,124,125,126,0,14,15,16,18,18,18,42,124,127,125,0,14,17,15,18,18,18,42,128,129,130,0,18,16,14,11,11,11,42,128,131,129,0,18,19,16,11,11,11,42,132,133,134,0,20,21,22,19,19,19,42,132,135,133,0,20,23,21,19,19,19,42,136,137,138,0,18,16,14,6,6,6,42,136,139,137,0,18,19,16,6,6,6,42,140,141,142,0,20,21,22,20,20,20,42,140,143,141,0,20,23,21,20,20,20],
            "uvs": [[0.408417,0.500153,0.589478,-0.000153,0.589478,0.500153,0.408417,-0.000153,0.610535,0.5,0.610535,-0.000824,0.589478,-0.021942,0.408417,-0.021942,0.38736,-0.000824,0.38736,0.5,0.408417,0.521942,0.589478,0.521942,0.589478,0,0.408417,0,1,0.5,0,1,0,0.5,1,1,1,0,0,0,1,0.522614,0,-0.022614,1,-0.022614,0,0.522614]]
        },
        "uuid": "18654811-8B09-35BE-AB3D-EBD0F2040878"
    },{
        "materials": [{
            "colorEmissive": [0,0,0],